549-04-001,547,UniHH
549-04-002,547,UniHH
549-04-005,547,UniHH
549-04-006,547,UniHH
549-04-007,547,UniHH
549-04-008,547,UniHH
549-04-009,547,UniHH
549-04-010,547,UniHH
549-04-012,547,UniHH
549-04-013,547,UniHH
549-04-014,547,UniHH
549-05-001,547,UniHH
549-05-003,547,UniHH
549-05-004,547,UniHH
549-05-005,547,UniHH
549-05-006,547,UniHH
549-05-007,547,UniHH
549-05-008,547,UniHH
549-05-009,547,UniHH
549-05-010,547,UniHH
549-05-012,547,UniHH
549-05-013,547,UniHH
549-10-002,547,UniHH
549-10-003,547,UniHH
549-10-004,547,UniHH
549-10-005,547,UniHH
549-10-006,547,UniHH
549-10-007,547,UniHH
549-10-008,547,UniHH
549-10-009,547,UniHH
549-10-010,547,UniHH
549-10-012,547,UniHH
549-34-001,547,UniHH
549-34-002,547,UniHH
549-34-003,547,UniHH
549-34-004,547,UniHH
549-34-005,547,UniHH
549-34-006,547,UniHH
549-34-008,547,UniHH
549-82-008,547,UniHH
549-94-002,547,UniHH
549-94-001,547,UniHH
549-81-011,547,UniHH
549-94-013,547,UniHH
549-94-012,547,UniHH
549-94-006,547,UniHH
549-94-011,547,UniHH
549-94-008,547,UniHH