1,549-25-005,6-1-1
2,549-25-001,6-1-2
3,549-25-002,6-1-3
4,549-19-002,6-1-4
5,549-25-013,6-1-5
6,549-19-008,6-1-6
7,549-25-011,6-1-7
8,549-19-009,6-2-1
9,549-19-011,6-2-2
10,549-59-004,6-2-3
11,549-25-012,6-2-4
12,549-25-010,6-2-5
13,549-25-008,6-2-6
14,549-59-013,6-2-7
15,549-25-014,6-3-1
16,549-59-008,6-3-2
17,549-59-010,6-3-3
18,549-59-014,6-3-4
19,549-59-006,6-3-5
20,549-59-009,6-3-6
21,549-59-007,6-3-7
22,549-59-003,6-4-1
23,549-63-003,6-4-2
24,549-61-009,6-4-3
25,549-59-001,6-4-4
26,549-63-009,6-4-5
27,549-63-011,6-4-6
28,549-63-001,6-4-7
29,549-19-010,6-5-1
30,549-74-001,6-5-2
31,549-74-011,6-5-3
32,549-74-007,6-5-4
33,549-74-006,6-5-5
34,549-74-008,6-5-6
35,549-63-002,6-5-7
36,549-63-006,6-6-1
37,549-63-012,6-6-2
38,549-63-010,6-6-3
39,549-63-008,6-6-4
40,549-74-002,6-6-5
41,549-73-010,6-6-6
42,549-73-008,6-6-7
43,549-73-001,6-7-1
44,549-60-060,6-7-2
45,549-73-009,6-7-3
46,549-60-012,6-7-4
47,549-60-011,6-7-5
48,549-73-006,6-7-6
49,549-73-011,6-7-7
50,549-60-004,6-8-1
51,549-73-004,6-8-2
52,549-19-001,6-8-3
53,549-25-007,6-8-4
54,549-59-002,6-8-5
55,549-73-002,6-8-6
56,549-60-078,6-8-7
57,549-73-012,6-9-1
58,549-19-013,6-9-2
59,549-50-013,6-9-3
60,549-50-004,6-9-4
61,549-56-012,6-9-5
62,549-50-006,6-9-6
63,549-56-010,6-9-7
64,549-56-008,6-10-1
65,549-19-004,6-10-2
66,549-56-006,6-10-3
67,549-25-009,6-10-4
68,549-74-004,6-10-5
69,549-63-014,6-10-6
70,549-59-011,6-10-7
71,549-35-002,10-1-1
72,549-28-005,10-1-2
73,549-35-004,10-1-3
74,549-35-013,10-2-1
75,549-35-011,10-2-2
76,549-35-012,10-2-3
77,549-28-001,10-2-4
78,549-28-007,10-2-5
79,549-28-013,10-3-1
80,549-10-013,10-3-2
81,549-28-011,10-3-3
82,549-35-006,10-3-4
83,549-28-014,10-3-5
84,549-96-006,10-4-1
85,549-35-007,10-4-2
86,549-58-005,10-4-3
87,549-35-008,10-4-4
88,549-35-005,10-4-5
89,549-91-007,10-5-1
90,549-91-004,10-5-2
91,549-91-002,10-5-3
92,549-91-009,10-5-4
93,549-96-005,10-5-5
94,737-10-006,10-6-1
95,737-10-002,10-6-2
96,737-7-006,10-6-3
97,737-7-008,10-6-4
98,737-7-003,10-6-5
99,737-10-003,10-8-1
100,737-10-007,10-8-2
101,737-10-009,10-8-3
102,737-10-011,10-8-4
103,737-10-013,10-8-5
104,737-10-012,10-8-6
105,737-10-005,10-8-7